X,Y,toponyme,numero,topo_actue
6.63393839628907,46.5201327390099,Rue de Bourg,"1",Rue de Bourg
6.63405031394745,46.5201412153517,Rue de Bourg,"2",Rue de Bourg
6.63411907194097,46.5201458869203,Rue de Bourg,"3",Rue de Bourg
6.6342019740902,46.5201512685168,Rue de Bourg,"4",Rue de Bourg
6.63425828498402,46.5201555737937,Rue de Bourg,"5",Rue de Bourg
6.6343239810268,46.5201566501129,Rue de Bourg,"6",Rue de Bourg
6.63439749802706,46.5201555737937,Rue de Bourg,"7",Rue de Bourg
6.6344788359848,46.520157726432,Rue de Bourg,"8",Rue de Bourg
6.63463212675129,46.5201512685168,Rue de Bourg,"9",Rue de Bourg
6.63474499355102,46.5201500890938,Rue de Bourg,"10",Rue de Bourg
6.63482925912665,46.5201387198584,Rue de Bourg,"11",Rue de Bourg
6.63488708844325,46.5201353090872,Rue de Bourg,"12",Rue de Bourg
6.6349680494865,46.5201228029247,Rue de Bourg,"13",Rue de Bourg
6.6350258788031,46.5201125706079,Rue de Bourg,"14",Rue de Bourg
6.63510849211255,46.5200989275156,Rue de Bourg,"15",Rue de Bourg
6.63539929096176,46.5200818736455,Rue de Bourg,"16",Rue de Bourg
6.63552155865972,46.5200841474951,Rue de Bourg,"17",Rue de Bourg
6.6356273036958,46.5200841474951,Rue de Bourg,"18",Rue de Bourg
6.63573470099807,46.5200818736455,Rue de Bourg,"19",Rue de Bourg
6.63580740071037,46.5200841474951,Rue de Bourg,"20",Rue de Bourg
6.6358900140198,46.5200875582694,Rue de Bourg,"22",Rue de Bourg
6.63597097506305,46.5200841474951,Rue de Bourg,"13",Rue de Bourg
6.63603210891203,46.5200784628708,Rue de Bourg,"24",Rue de Bourg
6.63608993822863,46.520084147495,Rue de Bourg,"25",Rue de Bourg
6.63615107207762,46.520084147495,Rue de Bourg,"26",Rue de Bourg
6.6362122059266,46.520084147495,Rue de Bourg,"27",Rue de Bourg
6.6360998518258,46.519896554579,Rue de Bourg,"28",Rue de Bourg
6.63595610466738,46.5199181562205,Rue de Bourg,"29",Rue de Bourg
6.63567191488292,46.5199261147179,Rue de Bourg,"30",Rue de Bourg
6.6354405976165,46.5199397578536,Rue de Bourg,"31",Rue de Bourg
6.63526314422784,46.5199377284374,Rue de Bourg,"32",Rue de Bourg
6.63497564578042,46.5195287199409,Rue de Bourg,"33",
6.63509558378297,46.5199559334918,Rue de Bourg,"34",Rue de Bourg
6.63493331472058,46.5199692838612,Rue de Bourg,"35",Rue de Bourg
6.63469520250944,46.5200190442999,Rue de Bourg,"36",Rue de Bourg
6.63445885409248,46.5200226853058,Rue de Bourg,"37",Rue de Bourg
6.63417172842844,46.5200104974744,Rue de Bourg,38/39,Rue de Bourg
6.63402311858069,46.5199950037428,Rue de Bourg,"40",Rue de Bourg
6.63620712607931,46.5201787336442,Cheneaux de Bourg,"1",Cheneau-de-Bourg
6.63624187696014,46.5202405064015,Cheneaux de Bourg,"2",Cheneau-de-Bourg
6.63605509097555,46.5203650480374,Cheneaux de Bourg,"3",Cheneaux-de-Bourg
6.63625056468034,46.5203072607538,Cheneaux de Bourg,"4",Cheneaux-de-Bourg
6.6362616887447,46.5203460492294,Cheneaux de Bourg,"5",Cheneaux-de-Bourg
6.63628488059364,46.5203809578692,Cheneaux de Bourg,"6",Cheneaux-de-Bourg
6.63629067855586,46.5204328220927,Cheneaux de Bourg,"7",Cheneaux-de-Bourg
6.63631531989535,46.5204926653658,Cheneaux de Bourg,"8",Cheneaux-de-Bourg
6.63632401683869,46.5205574955041,Cheneaux de Bourg,"9",Cheneaux-de-Bourg
6.63619066370727,46.5206043726329,Cheneaux de Bourg,"10",Cheneaux-de-Bourg
6.63610224478318,46.5206003830916,Cheneaux de Bourg,"11",Cheneaux-de-Bourg
6.63602397229301,46.5205824301521,Cheneaux de Bourg,"12",Cheneaux-de-Bourg
6.63645388129086,46.5207331103547,Cheneaux de Bourg,"37",Cheneaux-de-Bourg
6.63653131073593,46.5207019628651,Cheneaux de Bourg,"38",Cheneaux-de-Bourg
6.63659087184752,46.5206855694424,Cheneaux de Bourg,"39",Cheneaux-de-Bourg
6.6366575802925,46.5206593399557,Cheneaux de Bourg,"40",Cheneaux-de-Bourg
6.63674930440435,46.5206265530796,Cheneaux de Bourg,"41",Cheneaux-de-Bourg
6.63685055829405,46.5205863891294,Cheneaux de Bourg,"42",Cheneaux-de-Bourg
6.63656942984737,46.5205617989412,Cheneaux de Bourg,"43",Cheneaux-de-Bourg
6.63652178095812,46.5205167169006,Cheneaux de Bourg,"44",Cheneaux-de-Bourg
6.63647532329108,46.5204839299384,Cheneaux de Bourg,"45",Cheneaux-de-Bourg
6.63646341106878,46.5204347494581,Cheneaux de Bourg,"46",Cheneaux-de-Bourg
6.63658372451418,46.520411798552,Cheneaux de Bourg,"47",Escaliers Rodolphe-de-Billens
6.63667187495933,46.5204167166041,Cheneaux de Bourg,"48",Escaliers Rodolphe-de-Billens
6.6364824706245,46.5203437654521,Cheneaux de Bourg,"49",Cheneaux-de-Bourg
6.63644196906863,46.5202986832305,Cheneaux de Bourg,"50",Cheneaux-de-Bourg
6.63683386217668,46.5195557987627,Rue de St-Pierre,"17",Rue Saint-Pierre
6.63691459392218,46.5195333830083,Rue de St-Pierre,"16",Rue Saint-Pierre
6.63705268769965,46.5194745728248,Rue de St-Pierre,"15",Rue Saint-Pierre
6.63675462240226,46.5193679201425,Rue de St-Pierre,"18",
6.63677101599357,46.5195955823456,Rue de St-Pierre,"19",Rue Saint-Pierre
6.63669202868975,46.5196283984404,Rue de St-Pierre,"20",Rue Saint-Pierre
6.63665328020109,46.519646857485,Rue de St-Pierre,"21",Rue Saint-Pierre
6.63659515746808,46.5196806990505,Rue de St-Pierre,"22",Rue Saint-Pierre
6.6365116991848,46.5197268466058,Rue de St-Pierre,"23",Rue de Bourg
6.63645497011562,46.5197610026962,Rue de St-Pierre,"24",Rue de Bourg
6.63613586910162,46.5195707042047,Rue de St-Pierre,"25",Rue de la Paix
6.63626776418737,46.5198566396352,Rue de St-Pierre,"26",Rue de Bourg
6.63630889276248,46.5200176606317,Rue de St-Pierre,"1",Rue de Bourg
6.63639682281969,46.5199952153093,Rue de St-Pierre,"2",Rue de Bourg
6.63647198883634,46.5199591075973,Rue de St-Pierre,"3",Rue de Bourg
6.63653580903916,46.5199073856977,Rue de St-Pierre,"4",Rue de Bourg
6.63660246569543,46.5198888438727,Rue de St-Pierre,"5",Rue de Bourg
6.63664784895077,46.5198624949525,Rue de St-Pierre,"6",Rue de Bourg
6.6367074144734,46.5198341942462,Rue de St-Pierre,"7",Rue de Bourg
6.63769450027692,46.519516054258,Rue d'Etraz,"1",Rue Etraz
6.63776824806684,46.5194945846212,Rue d'Etraz,"2",Rue Etraz
6.63785192344386,46.5194711631895,Rue d'Etraz,"3",Rue Etraz
6.6379072342863,46.51946530783,Rue d'Etraz,"4",Rue Etraz
6.63796679980892,46.5194555488961,Rue d'Etraz,"5",Rue Etraz
6.63803203823846,46.5194506694284,Rue d'Etraz,"6",Rue Etraz
6.63809444021454,46.5194448140668,Rue d'Etraz,"7",Rue Etraz
6.63813840524315,46.5194340792353,Rue d'Etraz,"8",Rue Etraz
6.63818378849848,46.5194331033414,Rue d'Etraz,"9",Rue Etraz
6.63822775352709,46.5194272479778,Rue d'Etraz,"10",Rue Etraz
6.63828022791606,46.5194174890371,Rue d'Etraz,"11",Rue Etraz
6.63832702939813,46.519412609566,Rue d'Etraz,"12",Rue Etraz
6.63837808556038,46.5194008988338,Rue d'Etraz,"13",Rue Etraz
6.63851139887292,46.5193745496769,Rue d'Etraz,"14",Rue Etraz
6.63859791070339,46.5193667425169,Rue d'Etraz,"15",Rue Etraz
6.63760595029258,46.5193669912059,Rue d'Etraz,"44",Rue Etraz
6.63773271897796,46.5193542700581,Rue d'Etraz,"43",Rue Etraz
6.6378145904206,46.5193451835222,Rue d'Etraz,"42",Rue Etraz
6.63786080817049,46.5193406402536,Rue d'Etraz,"41",Rue Etraz
6.63792551302031,46.5193324623693,Rue d'Etraz,"40",Rue Etraz
6.6380892559056,46.5193124719801,Rue d'Etraz,"39",Rue Etraz
6.63819357596961,46.5192988421652,Rue d'Etraz,"37",Rue Etraz
6.63828748794429,46.5192752570275,Rue d'Etraz,"36",Rue Etraz
6.63842933410886,46.5192571818696,Rue d'Etraz,"35",Rue Etraz
6.63851864465693,46.5192391067056,Rue d'Etraz,"34",Rue Etraz
6.63869201219142,46.5192077764072,Rue d'Etraz,"30",Rue Etraz
6.63901423063935,46.519143910743,Rue d'Etraz,"29",Rue Etraz
6.6392232994317,46.5190952523007,Rue d'Etraz,"28",Rue Etraz
6.6395694436779,46.5198869830577,Villamont,"16",Avenue Mont-Repos
6.63967193331521,46.5192283171,Rue d'Etraz,"17",Rue Etraz
6.64075323086366,46.5187550346158,Route de Veveÿ,"23",Avenue Mont-Repos
6.63972028851072,46.5189363472511,Rue d'Etraz,"24",Rue Etraz
6.63946800950998,46.5190781178795,Rue d'Etraz,"25",Rue Etraz
6.63762451676704,46.5198245226053,Rue de Martheray,"1",Rue Marterey
6.63769124756355,46.519886334856,Rue de Martheray,"2",Rue Marterey
6.63790683936758,46.5202854636966,Rue de Martheray,"3",Rue Marterey
6.63758601823065,46.519540185346,Rue de Martheray,"60",Rue Marterey
6.63762964990529,46.5195843371918,Rue de Martheray,"59",Rue Marterey
6.6376861144254,46.519649681858,Rue de Martheray,"58",Rue Marterey
6.6377477120837,46.5197114943077,Rue de Martheray,"57",Rue Marterey
6.63779417716384,46.5197691393875,Rue de Martheray,"56",Rue Marterey
6.63783600070496,46.5198134146872,Rue de Martheray,"55",Rue Marterey
6.63787782424609,46.519858796832,Rue de Martheray,"54",Rue Marterey
6.63791643059175,46.5199074995794,Rue de Martheray,"53",Rue Marterey
6.63796951431703,46.5199584160413,Rue de Martheray,"52",Rue Marterey
6.63800972926042,46.5200071186994,Rue de Martheray,"51",Rue Marterey
6.63804350981286,46.5200513938051,Rue de Martheray,"50",Rue Marterey
6.63809820213588,46.5200978826275,Rue de Martheray,"49",Rue Marterey
6.63812715689512,46.5201399439085,Rue de Martheray,"48",Rue Marterey
6.63816093744757,46.5201753639095,Rue de Martheray,"47",Rue Marterey
6.63819310940228,46.5202074632654,Rue de Martheray,"46",Rue Marterey
6.63822206416152,46.5202428832224,Rue de Martheray,"45",Rue Marterey
6.6382526275185,46.5202771962836,Rue de Martheray,"44",Rue Marterey
6.63828640807095,46.5203159368106,Rue de Martheray,"43",Rue Marterey
6.6383250144166,46.520353570439,Rue de Martheray,"42",Rue Marterey
6.63835075198037,46.5203912040412,Rue de Martheray,"41",Rue Marterey
6.63840222710792,46.5204310513564,Rue de Martheray,"40",Rue Marterey
6.63844405064904,46.520472005511,Rue de Martheray,"39",Rue Marterey
6.6385003515698,46.520519600841,Rue de Martheray,"38",Rue Marterey
6.63876679194995,46.5208738446091,Rue de Martheray,"4",Rue Marterey
6.63909008553164,46.5210442355326,Rue de Martheray,4A,Rue Marterey
6.63907799456323,46.5212189479336,Rue de Martheray,"5",Rue Marterey
6.63924323779761,46.5211953756582,Rue de Martheray,"6",Rue Marterey
6.63921905586084,46.521324329745,Rue de Martheray,"7",Rue Marterey
6.63930167747803,46.5213173967373,Rue de Martheray,"8",Rue Marterey
6.63937019296545,46.5213173967373,Rue de Martheray,"9",Rue Marterey
6.63946087522821,46.5213173967373,Rue de Martheray,"10",Rue Marterey
6.63955961813655,46.5213187833389,Rue de Martheray,"11",Rue Marterey
6.63964828523792,46.521314623534,Rue de Martheray,"12",Rue Marterey
6.63979740718112,46.5213395823585,Rue de Martheray,"13",Rue Marterey
6.63989211976667,46.5213645411716,Rue de Martheray,"14",Rue Marterey
6.63997675654525,46.521370087573,Rue de Martheray,"15",Rue Marterey
6.64005534783964,46.5213992061708,Rue de Martheray,"16",Rue Marterey
6.64015207558656,46.5215059742295,Rue de Martheray,"17",Rue Marterey
6.64016618171634,46.5214075257673,Rue de Martheray,"18",Rue Marterey
6.63902963068985,46.5207696863389,Rue de Martheray,"37",Rue Marterey
6.6390820248861,46.5208057383324,Rue de Martheray,"36",Rue Marterey
6.6391203129526,46.5208348572326,Rue de Martheray,"35",Rue Marterey
6.63934802619018,46.5209735184487,Rue de Martheray,"34",Rue Marterey
6.63955558781382,46.521051168575,Rue de Martheray,"33",Rue Marterey
6.63961201233286,46.5210775141284,Rue de Martheray,"32",Rue Marterey
6.63964896492255,46.5210942263649,Rue de Martheray,"31",Rue Marterey
6.63969978752666,46.5211118780863,Rue de Martheray,"31",Rue Marterey
6.63974316990537,46.5211299405985,Rue de Martheray,"30",Rue Marterey
6.63979162172931,46.5211459927415,Rue de Martheray,"29",Rue Marterey
6.63983947538258,46.5211595753202,Rue de Martheray,"28",Rue Marterey
6.63990347964384,46.5211785086063,Rue de Martheray,"27",Rue Marterey
6.63998542902508,46.5211879752468,Rue de Martheray,"26",Rue Marterey
6.64024083421255,46.521263617846,Rue de Martheray,"25",Rue Marterey
6.64087397955729,46.5214954021178,Chemin de Chailly,"24",Avenue de Béthusy
6.64127823092516,46.5221484988254,Route de Berne,"22",Rue du  Bugnon
6.64134939750003,46.5228422060085,Route de Berne,"20",Rue du  Bugnon
6.63838918161715,46.5234616849932,Le Solitaire,,
6.63736740759414,46.5238166959246,Filature,"30",Rue Saint-Martin
6.63738233854284,46.5234527269337,Filature,"31",Rue Saint-Martin
6.63764464949664,46.5257339034468,Scierie,,
6.63806908918641,46.5250285268277,La Solitude,"35",
6.63829433187148,46.5247007908787,La Solitude,"35",
6.63589066485176,46.5258569033511,La Barre,"15",Rue de la Barre
6.63589394167791,46.5257554487155,La Barre,"14",Rue de la Barre
6.63578089117651,46.5254003559991,La Barre,"13",Rue de la Barre
6.63563343400071,46.5253361008785,La Barre,"11",Rue de la Barre
6.6355318523907,46.5253034096477,La Barre,"10",Rue de la Barre
6.63543354760682,46.5252662092577,La Barre,"9",Rue de la Barre
6.63537784156262,46.5252391544126,La Barre,"8",Rue de la Barre
6.63603497275416,46.5253500724202,La Barre,"48",Rue de la Barre
6.63604111060291,46.5252853190097,La Barre,"19",Rue de la Barre
6.63605543224998,46.5252177501514,La Barre,"50",Rue de la Barre
6.63605952414914,46.5251741118857,La Barre,"51",Rue de la Barre
6.63606157009873,46.5251304735849,La Barre,"52",Rue de la Barre
6.63120489999671,46.5253092096553,Mont Rose,21a,
6.63183999166942,46.5253513729013,Mont Rose,21b,
6.63195141126119,46.5250204544231,Mont Rose,21c,
6.63251587496882,46.5248486723958,Le Valentin,"22",Rue du Valentin
6.63050077990027,46.5258709207734,Clomont,"20",
6.63138753026575,46.5256670758381,Clomont,"20",
6.629924806532,46.5262593644237,Le Clos de Bulle,19d,
6.62875207226758,46.5261058641795,Le Frêne,"86",
6.62904275235235,46.5259652878902,Le Frêne,"85",
6.62895849725539,46.5256044254409,,"84",
6.62840605272287,46.5250261653735,Au Pré du Marché,"78",
6.62854045538188,46.5247813804585,Au Pré du Marché,"79",
6.62888832108745,46.5246671471207,Au Pré du Marché,"80",
6.62926781094807,46.5245420341416,Au Pré du Marché,"81",
6.62911759621154,46.5247614349723,Au Pré du Marché,"82",
6.6292836230255,46.5250207257206,Au Pré du Marché,"83",
6.62914394967418,46.524250102737,St Roche,"77",
6.62946809726346,46.5241775729521,St Roche,"76",
6.6296156766537,46.5241195490545,St Roche,"76",
6.62976019178946,46.5246499901137,Au Pré du Marché,"88",
6.6299502011618,46.5245601100624,Au Pré du Marché,"89",
6.63055535185113,46.5247196004321,Les Petites Roches,"19",Rue du Valentin
6.63071046467578,46.5246479427954,Les Petites Roches,"19",Rue du Valentin
6.63102290622256,46.524518348957,Les Petites Roches,"18",Rue du Valentin
6.6312156893046,46.5244649866983,Les Petites Roches,17A,Rue du Valentin
6.63136193853927,46.5243841808927,Les Petites Roches,"17",Rue du Valentin
6.63159460777623,46.5242988010429,Les Petites Roches,"16",Rue du Valentin
6.6300332690713,46.5239333087428,,"90",
6.63050908569055,46.5242344225104,,"91",
6.62738703665255,46.5226859363087,Les Jumelles,"21",
6.62709777332311,46.5227682945809,Les Jumelles,"22",
6.62681599094184,46.5228403579668,Les Jumelles,"23",
6.62920999027171,46.5231260652846,Rue de la Halle de St Laurent,"5",Rue de l'Ale
6.62916569464104,46.52313216091,Rue de la Halle de St Laurent,"6",Rue de l'Ale
6.62911253988423,46.5231480095328,Rue de la Halle de St Laurent,"7",Rue de l'Ale
6.62901154584631,46.523133380035,Rue de la Halle de St Laurent,"8",Rue de l'Ale
6.62896725021563,46.52319433625,Rue de la Halle de St Laurent,"9",Rue de l'Ale
6.62889283355611,46.5232174995937,Rue de la Halle de St Laurent,"10",Rue de l'Ale
6.62882373237226,46.5232418820502,Rue de la Halle de St Laurent,"11",Rue de l'Ale
6.62875108753796,46.5232735792272,Rue de la Halle de St Laurent,"12",Rue de l'Ale
6.62869438913071,46.5232894278088,Rue de la Halle de St Laurent,"13",Rue de l'Ale
6.62864477802435,46.5233052763858,Rue de la Halle de St Laurent,"14",Rue de l'Ale
6.62859871056846,46.5233211249581,Rue de la Halle de St Laurent,"15",Rue de l'Ale
6.62854555581165,46.5233406308869,Rue de la Halle de St Laurent,"16",Rue de l'Ale
6.62849594470531,46.5233552603289,Rue de la Halle de St Laurent,"17",Rue de l'Ale
6.6284427899485,46.5233662324079,Rue de la Halle de St Laurent,"18",Rue de l'Ale
6.62835242686193,46.5233991486314,Rue de la Halle de St Laurent,"19",Rue de l'Ale
6.62823391789598,46.5232780360168,Rue de la Halle de St Laurent,"20",Rue de l'Ale
6.62809798114086,46.5233643737499,Rue de la Halle de St Laurent,"21",Rue de l'Ale
6.62800387107964,46.5233715685548,Rue de la Halle de St Laurent,"22",Rue de l'Ale
6.62804221221567,46.5234938800924,Rue de la Halle de St Laurent,"23",Rue de l'Ale
6.62797598661703,46.5235022740113,Rue de la Halle de St Laurent,"24",Rue de l'Ale
6.62790801823947,46.5235298540216,Rue de la Halle de St Laurent,"25",Rue de l'Ale
6.62781565095716,46.5235442435866,Rue de la Halle de St Laurent,"26",Rue de l'Ale
6.62772676923267,46.5235526374978,Rue de la Halle de St Laurent,"27",Rue de l'Ale
6.62766577197077,46.5235526374978,Rue de la Halle de St Laurent,"28",Rue de l'Ale
6.62756120523608,46.5235610314077,Rue de la Halle de St Laurent,"29",Rue de l'Ale
6.62719216684052,46.5241106612567,Ancienne Route d'Yverdon,"39",
6.62746761705193,46.5239124095308,Ancienne Route d'Yverdon,"40",
6.62754735263941,46.5240470711592,Ancienne Route d'Yverdon,40a,
6.62760534215764,46.5237964506387,Rue de la Halle de St Laurent,"42",Rue de l'Ale
6.62772377334015,46.5237619857046,Rue de la Halle de St Laurent,"43",Rue de l'Ale
6.6277732629646,46.5237461760687,Rue de la Halle de St Laurent,"44",Rue de l'Ale
6.62795708156971,46.5236975310063,Rue de la Halle de St Laurent,"45",Rue de l'Ale
6.6280295485198,46.5236719923311,Rue de la Halle de St Laurent,"46",Rue de l'Ale
6.62812499279554,46.5236452375157,Rue de la Halle de St Laurent,"47",Rue de l'Ale
6.62827169418228,46.5237206374163,Rue de la Tour,"48",Rue de la Tour
6.62822397204445,46.5236160504292,Rue de la Halle de St Laurent,"49",Rue de l'Ale
6.62828760156159,46.5235990246216,Rue de la Halle de St Laurent,"50",Rue de l'Ale
6.62835123107875,46.5235795665491,Rue de la Halle de St Laurent,"51",Rue de l'Ale
6.62840602316297,46.5235552439488,Rue de la Halle de St Laurent,"52",Rue de l'Ale
6.62849263000576,46.5235442987751,Rue de la Halle de St Laurent,"53",Rue de l'Ale
6.62860751663395,46.5235090309781,Rue de la Halle de St Laurent,"54",Rue de l'Ale
6.62873477566827,46.5234713308941,Rue de la Halle de St Laurent,"55",Rue de l'Ale
6.62879663769884,46.523425117852,Rue de la Halle de St Laurent,"56",Rue de l'Ale
6.629173112342,46.5233132334822,Rue de la Tour,"57",Rue de la Tour
6.62930037137626,46.5234786276865,Rue de la Tour,"57",Rue de la Tour
6.62936400089342,46.5234616018357,Rue de la Tour,"58",Rue de la Tour
6.6294523752228,46.5234445759796,Rue de la Tour,"59",Rue de la Tour
6.62953367960583,46.5234239017187,Rue de la Tour,"60",Rue de la Tour
6.629577141015,46.5234099468544,Rue de la Tour,"61",Rue de la Tour
6.62963052849039,46.5233987955553,Rue de la Tour,"64",Rue de la Tour
6.629682962618,46.523386332336,Rue de la Tour,"65",Rue de la Tour
6.62879406885319,46.5237643350652,Rue de la Tour,"70",Rue de la Tour
6.62900707578319,46.5237026254735,Rue de la Tour,"71",Rue de la Tour
6.62951530284423,46.5235714923585,Rue de la Tour,"72",Rue de la Tour
6.62964422809134,46.5235367805986,Rue de la Tour,72bis,Rue de la Tour
6.62975446852002,46.5234994975725,Rue de la Tour,"73",Rue de la Tour
6.62987591983976,46.5234545007828,Rue de la Tour,73bis,Rue de la Tour
6.63015432363422,46.5234275026911,Rue de la Tour,"74",Rue de la Tour
6.63043810625083,46.5234261385237,Rue Neuve,"14",Rue Neuve
6.63075921859865,46.5234308195383,Rue Neuve,14a,Rue Neuve
6.63074833343436,46.5232473234626,Rue Neuve,13B,Rue Neuve
6.6309034470261,46.5232304717512,Rue Neuve,13A,Rue Neuve
6.63110618321181,46.5231977045194,Rue de Chaucrau,"13",Rue Chaucrau
6.63107063086058,46.523146062114,Rue de Chaucrau,"12",Rue Chaucrau
6.63103771201683,46.5230944196596,Rue de Chaucrau,"11",Rue Chaucrau
6.6310153272031,46.5230364350909,Rue de Chaucrau,"10",Rue Chaucrau
6.63080332984933,46.5231496861442,Rue de Chaucrau,"7",Rue Chaucrau
6.63067411241478,46.5225777357105,Rue de Chaucrau,"1",Rue Chaucrau
6.63074372479634,46.5226882696745,Rue de Chaucrau,"2",Rue Chaucrau
6.63080262758074,46.5227785389115,Rue de Chaucrau,"3",Rue Chaucrau
6.63086420776443,46.5228467012973,Rue de Chaucrau,"4",Rue Chaucrau
6.63094720714245,46.5229471024935,Rue de Chaucrau,"5",Rue Chaucrau
6.6308173532768,46.5229894735849,Rue de Chaucrau,"6",Rue Chaucrau
6.63086688516377,46.5225998425213,Rue de Chaucrau,"36",Rue Chaucrau
6.6309030300542,46.5226606362045,Rue de Chaucrau,"35",Rue Chaucrau
6.63092846534746,46.5227122186703,Rue de Chaucrau,"34",Rue Chaucrau
6.63094854584214,46.5227435365721,Rue de Chaucrau,"33",Rue Chaucrau
6.63097264243576,46.5227693277717,Rue de Chaucrau,"32",Rue Chaucrau
6.63099673902938,46.5227905133908,Rue de Chaucrau,"31",Rue Chaucrau
6.63103377272859,46.5228258588646,Rue de Chaucrau,"30",Rue Chaucrau
6.63106124934413,46.5228612043153,Rue de Chaucrau,"29",Rue Chaucrau
6.6310994776788,46.5228981937158,Rue de Chaucrau,"28",Rue Chaucrau
6.63113531674255,46.522936005077,Rue de Chaucrau,"27",Rue Chaucrau
6.6311711558063,46.5229746383972,Rue de Chaucrau,"26",Rue Chaucrau
6.63121894122464,46.5230124497052,Rue de Chaucrau,"25",Rue Chaucrau
6.63129539789398,46.5230913601762,Rue de Chaucrau,"24",Rue Chaucrau
6.6317182988463,46.523268908317,Rue Chacrau / Place de la Riponne,"23",
6.63194975475422,46.5222810701586,Descente de St laurent,"1",Rue Saint-Laurent
6.63184406970924,46.5222698038387,Descente de St laurent,"2",Rue Saint-Laurent
6.63174582727305,46.5222698038387,Descente de St laurent,"3",Rue Saint-Laurent
6.63167437822856,46.5222636585723,Descente de St laurent,"4",Rue Saint-Laurent
6.63160523399194,46.5222606850561,Descente de St laurent,"5",Rue Saint-Laurent
6.63152888723068,46.5222646497444,Descente de St laurent,"6",Rue Saint-Laurent
6.63143957592506,46.5222636585724,Descente de St laurent,"7",Rue Saint-Laurent
6.63128832290748,46.5222666320885,Descente de St laurent,"8",Rue Saint-Laurent
6.63114062185493,46.5222698079963,Descente de St laurent,"9",Rue Saint-Laurent
6.63091880368658,46.5224762907533,Descente de St laurent,"10",Rue Saint-Laurent
6.63101219230631,46.5224715309083,Descente de St laurent,"11",Rue Saint-Laurent
6.6311297927904,46.5225893369494,Descente de St laurent,"12",
6.63128889932772,46.5225798172787,Descente de St laurent,"13",
6.63139093504182,46.5228285181258,Descente de St laurent,"14",
6.63105369835954,46.5223882335533,Descente de St laurent,"15",Rue Saint-Laurent
6.63113843988485,46.5223846636638,Descente de St laurent,"16",Rue Saint-Laurent
6.63126987572004,46.5223799038107,Descente de St laurent,"17",Rue Saint-Laurent
6.63142725283847,46.5223727640304,Descente de St laurent,"18",Rue Saint-Laurent
6.63154658274144,46.5224608212554,Descente de St laurent,"19",Rue Saint-Laurent
6.63170741869767,46.5223727640303,Descente de St laurent,"20",Rue Saint-Laurent
6.63189938419378,46.5223775238839,Descente de St laurent,"21",Rue Saint-Laurent
6.63042490255722,46.5222179793013,Rue St Laurent,"1",Rue Saint-Laurent
6.63038519913062,46.522317612719,Rue St Laurent,"2",Rue Saint-Laurent
6.63032840760494,46.5224374288235,Rue St Laurent,"5",Rue Saint-Laurent
6.63025198727705,46.5225413418986,Rue St Laurent,"6",Rue Saint-Laurent
6.63014281538008,46.5226314832004,Rue St Laurent,"7",Rue Saint-Laurent
6.63006093645735,46.5227116086764,Rue St Laurent,"8",Rue Saint-Laurent
6.63000089191403,46.5227541752873,Rue St Laurent,"9",Rue Saint-Laurent
6.62995358409201,46.522800497738,Rue St Laurent,"10",Rue Saint-Laurent
6.62975889420913,46.5226853175176,Rue St Laurent,"11",Rue Saint-Laurent
6.6299080958016,46.5228505760186,Rue St Laurent,"12",Rue Saint-Laurent
6.62986078797958,46.5228956464317,Rue St Laurent,"13",Rue Saint-Laurent
6.62980074343624,46.522948228533,Rue St Laurent,"14",Rue Saint-Laurent
6.62970430826059,46.5230195898747,Rue St Laurent,"15",Rue Saint-Laurent
6.62942410039178,46.52286685145,Rue Mauborget,"16",
6.62981711922074,46.5231610603278,Rue St Laurent,"17",Rue Saint-Laurent
6.62985896844792,46.5231147381846,Rue St Laurent,"18",Rue Saint-Laurent
6.62988990048539,46.5230809355146,Rue St Laurent,"19",Rue Saint-Laurent
6.6299463059655,46.5230308574464,Rue St Laurent,"20",Rue Saint-Laurent
6.63003000441984,46.522949480487,Rue St Laurent,"21",Rue Saint-Laurent
6.63007367317862,46.522919433579,Rue St Laurent,"22",Rue Saint-Laurent
6.63021195758142,46.5229807793319,Rue St Laurent,"22",Rue Saint-Laurent
6.63010278568448,46.5228994022976,Rue St Laurent,"23",Rue Saint-Laurent
6.63018648413883,46.5228192770986,Rue St Laurent,"24",Rue Saint-Laurent
6.63025198727701,46.5227616870388,Rue St Laurent,"25",Rue Saint-Laurent
6.63030839275711,46.5227141125956,Rue St Laurent,"26",Rue Saint-Laurent
6.63041574512246,46.5226327351618,Rue St Laurent,"27",Rue Saint-Laurent
6.63052309748781,46.5225438458256,Rue St Laurent,"28",Rue Saint-Laurent
6.63072693486215,46.5219932129062,Rue du Grand St-Jean,"1",Rue Grand-Saint-Jean
6.63077407269106,46.5219329775347,Rue du Grand St-Jean,"2",Rue Grand-Saint-Jean
6.63083018915404,46.5218650195994,Rue du Grand St-Jean,"3",Rue Grand-Saint-Jean
6.63107706799172,46.5216765840288,Rue du Grand St-Jean,"7",Rue Grand-Saint-Jean
6.63113755884895,46.521633474937,Rue du Grand St-Jean,"8",Rue Grand-Saint-Jean
6.63120669125723,46.5215963118993,Rue du Grand St-Jean,"9",Rue Grand-Saint-Jean
6.631342795686,46.5215368509862,Rue du Grand St-Jean,"10",Rue Grand-Saint-Jean
6.63144217352289,46.5214952283083,Rue du Grand St-Jean,"11",Rue Grand-Saint-Jean
6.63153074942098,46.5214640112789,Rue du Grand St-Jean,"12",Rue Grand-Saint-Jean
6.63162580648235,46.5214298211786,Rue du Grand St-Jean,"13",Rue Grand-Saint-Jean
6.63170142005388,46.5214060367482,Rue du Grand St-Jean,"15",Rue Grand-Saint-Jean
6.6318094394418,46.5213837388354,Rue du Grand St-Jean,"16",Rue Grand-Saint-Jean
6.63195634580935,46.5213763061957,Rue du Grand St-Jean,"17",Rue Grand-Saint-Jean
6.63212485605449,46.5213763061956,Rue du Grand St-Jean,"18",Rue Grand-Saint-Jean
6.63226528125875,46.5214818495835,Rue du Grand St-Jean/Place Pépinet,"19",
6.63232361172824,46.5213926580015,Rue du Grand St-Jean/Place Pépinet,"20",
6.63241866878962,46.521306439333,Rue du Grand St-Jean/Place Pépinet,"21",
6.63256341476942,46.5212990066828,Rue du Grand St-Jean/Place Pépinet,"23",
6.63254325115038,46.5211522611834,Rue du Grand St-Jean/Place Pépinet,"24",
6.63250151966019,46.521054025962,Rue du Grand St-Jean/Place Pépinet,"25",
6.63251250163132,46.520946722671,Rue du Grand St-Jean/Place Pépinet,"26",
6.6321654713444,46.5210812295797,Rue du Grand St-Jean/Place Pépinet,"28",
6.6321566857675,46.5212157361552,Rue du Grand St-Jean,"29",Rue Grand-Saint-Jean
6.63202050932581,46.5212096909231,Rue du Grand St-Jean,"30",Rue Grand-Saint-Jean
6.63188652927834,46.5212036456902,Rue du Grand St-Jean,"31",Rue Grand-Saint-Jean
6.63179647711528,46.5212474736133,Rue du Grand St-Jean,"32",Rue Grand-Saint-Jean
6.6317152105291,46.5212565414551,Rue du Grand St-Jean,"33",Rue Grand-Saint-Jean
6.63166469346202,46.5212610753754,Rue du Grand St-Jean,"34",Rue Grand-Saint-Jean
6.63158781966429,46.52129885803,Rue du Grand St-Jean,"35",Rue Grand-Saint-Jean
6.63150435668389,46.5213290841347,Rue du Grand St-Jean,"36",Rue Grand-Saint-Jean
6.63144066125148,46.5213547763104,Rue du Grand St-Jean,"37",Rue Grand-Saint-Jean
6.63136818024219,46.5213834910808,Rue du Grand St-Jean,"38",Rue Grand-Saint-Jean
6.6312956992329,46.5214197623479,Rue du Grand St-Jean,"39",Rue Grand-Saint-Jean
6.6312232182236,46.5214514996868,Rue du Grand St-Jean,"40",Rue Grand-Saint-Jean
6.63085422399447,46.5216237877744,Rue du Grand St-Jean,"41",Rue Grand-Saint-Jean
6.63075758264875,46.5216842396054,Rue du Grand St-Jean,"42",Rue Grand-Saint-Jean
6.63070486918744,46.5217326010218,Rue du Grand St-Jean,"43",Rue Grand-Saint-Jean
6.63068729803366,46.5217749172259,Rue du Grand St-Jean,"44",Rue Grand-Saint-Jean
6.63067631606255,46.5218111882317,Rue du Grand St-Jean,"45",Rue Grand-Saint-Jean
6.63064776293768,46.5218565269549,Rue du Grand St-Jean,"46",Rue Grand-Saint-Jean
6.63059724587058,46.5219063995067,Rue du Grand St-Jean,"47",Rue Grand-Saint-Jean
6.63056649635149,46.5219592945874,Rue du Grand St-Jean,"48",Rue Grand-Saint-Jean
6.63054038982289,46.5219990704276,Rue du Grand St-Jean,"49",Rue Grand-Saint-Jean
6.63050682428613,46.5220478278694,Rue du Grand St-Jean,"50",Rue Grand-Saint-Jean
6.63048631201367,46.5220965852675,Rue du Grand St-Jean,"51",Rue Grand-Saint-Jean
6.63046207023712,46.5221402102707,Rue du Grand St-Jean,"52",Rue Grand-Saint-Jean
6.63194297366533,46.5194467137499,Rue du Petit Chène,"1",Rue du Petit-Chêne
6.63190532583283,46.5193897209877,Rue du Petit Chène,"2",Rue du Petit-Chêne
6.63185826604219,46.5193171846585,Rue du Petit Chène,"3",Rue du Petit-Chêne
6.6318356773427,46.5192576011726,Rue du Petit Chène,"4",Rue du Petit-Chêne
6.63179614711857,46.5191902458492,Rue du Petit Chène,4b,Rue du Petit-Chêne
6.63172649862843,46.5191384340051,Rue du Petit Chène,"5",Rue du Petit-Chêne
6.63200138901758,46.5195890892402,Rue du Grand Chène,"1",Rue du Grand-Chêne
6.63188472842355,46.5196237176248,Rue du Grand Chène,"2",Rue du Grand-Chêne
6.63177721768003,46.519652049923,Rue du Grand Chène,"3",Rue du Grand-Chêne
6.63166741947389,46.5196803822065,Rue du Grand Chène,"4",Rue du Grand-Chêne
6.63155849268208,46.5196953728267,Rue du Grand Chène,"5",Rue du Grand-Chêne
6.63147627052311,46.5197055277606,Rue du Grand Chène,"6",Rue du Grand-Chêne
6.63118111405499,46.519734541847,Rue du Grand Chène,"7",Rue du Grand-Chêne
6.63105672668628,46.5197417953663,Rue du Grand Chène,"8",Rue du Grand-Chêne
6.6309449888805,46.5197563024017,Rue du Grand Chène,"9",Rue du Grand-Chêne
6.63108202581209,46.5198796120466,Rue du Grand Chène,"20",Rue du Grand-Chêne
6.63119798013885,46.5198694571453,Rue du Grand Chène,"21",Rue du Grand-Chêne
6.63129496012124,46.5198607529425,Rue du Grand Chène,"22",Rue du Grand-Chêne
6.63139615662459,46.5198520487385,Rue du Grand Chène,"23",Rue du Grand-Chêne
6.631488920086,46.5198534994392,Rue du Grand Chène,"24",Rue du Grand-Chêne
6.63156270920303,46.5198404431308,Rue du Grand Chène,"25",Rue du Grand-Chêne
6.6338149555526,46.5199488527503,Place St-François,"1",Place Saint-François
6.63349589234049,46.5193496662885,Place St-François,"2",Place Saint-François
6.63351804950803,46.5192170210639,Place St-François,"3",Place Saint-François
6.63284447161556,46.5192490389065,Place St-François,"5",Place Saint-François
6.63270488146017,46.5194548674434,Place St-François,"6",Place Saint-François
6.63231491531192,46.5193466169768,Place St-François,"7",Place Saint-François
6.63226432346613,46.5197759315412,Descente de Pépinet/Place St-François,"28",Place Saint-François
6.63242830256848,46.5198910228171,Descente de Pépinet/Place St-François,"8",Place Saint-François
6.63264311519259,46.5198910228171,Place St-François,"9",Place Saint-François
6.63276609951937,46.519923744802,Place St-François,"11",Place Saint-François
6.63283661053339,46.5199338998967,Place St-François,"12",Place Saint-François
6.63289564301024,46.519949696707,Place St-François,"13",Place Saint-François
6.63296287444221,46.5199711352279,Place St-François,"14",Place Saint-François
6.63311373521639,46.5200207822965,Place St-François,"15",Place Saint-François
6.63323835933419,46.5200568892269,Place St-François,"16",Place Saint-François
6.63336954261608,46.5200647876148,Place St-François,"17",Place Saint-François
6.6335433604646,46.5200704293196,Place St-François,"18",Place Saint-François
6.63373357622335,46.5200839694089,Place St-François,"19",Place Saint-François
6.63200359669325,46.520274658643,Descente de Pépinet,"29",Rue Pépinet
6.63240698528515,46.5200027288223,Descente de Pépinet,"7",Rue Pépinet
6.63292791259058,46.5221308835658,Rue de la Madelaine,"1",Rue Madelaine
6.63303550209915,46.5217138486624,Place de la Palud,"2",Place de la Palud
6.63267149092874,46.5219643167547,Place de la Palud,"3",Place de la Palud
6.63259438511433,46.5219963963284,Place de la Palud,"4",Place de la Palud
6.63254776299398,46.5220272420545,Place de la Palud,"5",Place de la Palud
6.63249396823973,46.522054386279,Place de la Palud,"6",Place de la Palud
6.63243658716854,46.5220852319722,Place de la Palud,"7",Place de la Palud
6.63238817188972,46.5221197791278,Place de la Palud,"8",Place de la Palud
6.63233975661089,46.5221506247838,Place de la Palud,"9",Place de la Palud
6.63227161658885,46.522190107198,Place de la Palud,"10",Place de la Palud
6.63220168340833,46.5222419278231,Place de la Palud,"11",Place de la Palud
6.63209768021679,46.5222678381171,Place de la Palud,"12",Place de la Palud
6.6322016834083,46.5224060261431,Place de la Palud,"13",Place de la Palud
6.63236844714646,46.5223171910238,Place de la Palud,"14",Place de la Palud
6.63247782981342,46.5222604351771,Place de la Palud,"15",Place de la Palud
6.63253521088462,46.522225888111,Place de la Palud,"16",Place de la Palud
6.63259438511429,46.5221987439722,Place de la Palud,"17",Place de la Palud
6.63268942251345,46.5221641968668,Place de la Palud,"18",Place de la Palud
6.63307853790249,46.5219569137733,Place de la Palud,"19",Place de la Palud
6.63316460892543,46.5219331197826,Place de la Palud,"20.",Place de la Palud
6.63326782667545,46.5219078280913,Place de la Palud,"21",Place de la Palud
6.63345421933128,46.5217209455107,Place de la Palud,"23",Place de la Palud
6.633409461425,46.5216458777729,Place de la Palud,"24",Place de la Palud
6.63294575115068,46.5222669601421,Rue de la Madelaine,"2",Rue Madelaine
6.63295171938868,46.5223230833891,Rue de la Madelaine,"3",Rue Madelaine
6.63294376173799,46.5223778377204,Rue de la Madelaine,"4",Rue Madelaine
6.63294177232531,46.5224284854278,Rue de la Madelaine,"5",Rue Madelaine
6.63292187819859,46.5225352561157,Rue de la Madelaine,"5",Rue Madelaine
6.63292386761125,46.5225872725287,Rue de la Madelaine,"6",Rue Madelaine
6.63289959677666,46.5226638141335,Rue de la Madelaine,"7",Rue Madelaine
6.63347990373034,46.5230775623735,,"9",
6.63309749304038,46.5226440740895,Rue de la Madelaine,"10",Rue Madelaine
6.63309005457951,46.5225744669908,Rue de la Madelaine,"11",Rue Madelaine
6.63309749304041,46.5224997416238,Rue de la Madelaine,"12",Rue Madelaine
6.63309600534825,46.522403519767,Rue de la Madelaine,"13",Rue Madelaine
6.63309600534827,46.5223298178039,Rue de la Madelaine,"14",Rue Madelaine
6.63310195611699,46.5222653285043,Rue de la Madelaine,"15",Rue Madelaine
6.63309451765611,46.5221998154866,Rue de la Madelaine,"16",Rue Madelaine
6.63309898073266,46.522108711315,Rue de la Madelaine,"17",Rue Madelaine
6.63308261611873,46.5220380798858,Rue de la Madelaine,"18",Rue Madelaine
6.63328546336381,46.5239705183814,Rue du Chemin Neuf,"3",Avenue de l'Université
6.6333925702347,46.5240646841259,Rue du Chemin Neuf,3A,Avenue de l'Université
6.63350562748729,46.5241547555548,Rue du Chemin Neuf,3B,Avenue de l'Université
6.63371587430793,46.5242625681295,Rue du Chemin Neuf,a,Avenue de l'Université
6.63380314657309,46.5243308038257,Rue du Chemin Neuf,"5",Avenue de l'Université
6.63391620382569,46.5244222395242,Rue du Chemin Neuf,5A,Avenue de l'Université
6.6341403348703,46.5246733457256,Rue du Chemin Neuf,5B,Avenue de l'Université
6.63508351670446,46.5249742437521,Rue du Chemin neuf,"6",Avenue de l'Université
6.6327271962657,46.5211316534687,Rue du Petit St-Jean,"1",Rue du Petit-Saint-Jean
6.63281107472154,46.5210687691895,Rue du Petit St-Jean,"2",Rue du Petit-Saint-Jean
6.63290121276364,46.5210162219963,Rue du Petit St-Jean,"3",Rue du Petit-Saint-Jean
6.63299135080574,46.5209809033624,Rue du Petit St-Jean,4|5,Rue du Petit-Saint-Jean
6.63306521392357,46.520950753291,Rue du Petit St-Jean,"6",Rue du Petit-Saint-Jean
6.63312405403438,46.5209404161197,Rue du Petit St-Jean,"8",Rue du Petit-Saint-Jean
6.63318164222794,46.5209162960459,Rue du Petit St-Jean,"9",Rue du Petit-Saint-Jean
6.63328304752529,46.5208990674152,Rue du Petit St-Jean,"10",Rue du Petit-Saint-Jean
6.63309901568933,46.5210420648845,Rue du Petit St-Jean,"12",Rue du Petit-Saint-Jean
6.63304393133027,46.5210670463315,Rue du Petit St-Jean,"13",Rue du Petit-Saint-Jean
6.63299009888847,46.5210911663383,Rue du Petit St-Jean,"14",Rue du Petit-Saint-Jean
6.63289870892911,46.5211859234045,Rue du Petit St-Jean,"15",Rue du Petit-Saint-Jean
6.63311654253073,46.5216373093418,Place de la Palud,"1",Place de la Palud
6.63334439147058,46.5210067462674,Rue de la Palud,"1",Rue du Pont
6.63328304752525,46.5211239006162,Rue de la Palud,"2",Rue du Pont
6.63326426876647,46.5211807548415,Rue de la Palud,"3",Rue du Pont
6.63324674192495,46.521211766212,Rue de la Palud,"4",Rue du Pont
6.63323422275243,46.521243638991,Rue de la Palud,"5",Rue du Pont
6.63322420741441,46.5212755117514,Rue de la Palud,"6",Rue du Pont
6.63320668057289,46.5213082459182,Rue de la Palud,"7",Rue du Pont
6.63319791715212,46.5213470100376,Rue de la Palud,"8",Rue du Pont
6.63320417673837,46.5213849127055,Rue de la Palud,"9",Rue du Pont
6.6331879018141,46.5214253996169,Rue de la Palud,"10",Rue du Pont
6.63316912305532,46.5214745007242,Rue de la Palud,"12",Rue du Pont
6.63315034429654,46.5215477215914,Rue de la Palud,"13",Rue du Pont
6.63339572007778,46.5215408302199,Rue de la Palud,"14",Rue du Pont
6.6334032315813,46.5214727778791,Rue de la Palud,"15",Rue du Pont
6.63340197966406,46.5214185082298,Rue de la Palud,"16",Rue du Pont
6.63341700267108,46.5213728527685,Rue de la Palud,"17",Rue du Pont
6.63343077376086,46.5213228901443,Rue de la Palud,"18",Rue du Pont
6.63344204101613,46.5212755117513,Rue de la Palud,"19",Rue du Pont
6.63347208703017,46.5212221033315,Rue de la Palud,"20",Rue du Pont
6.6335021330442,46.5211652491495,Rue de la Palud,"21",Rue du Pont
6.63354469823077,46.5210549863239,Rue de la Palud,"22",Rue du Pont
6.63375778127985,46.5208131704059,Descente de St-François,"1",Rue Saint-François
6.6338092145193,46.520732277201,Descente de St-François,"2",Rue Saint-François
6.63385513705453,46.520657703671,Descente de St-François,"3",Rue Saint-François
6.63390289649116,46.5205894498421,Descente de St-François,"4",Rue Saint-François
6.63392677620948,46.5205275157379,Descente de St-François,"5",Rue Saint-François
6.63393963451935,46.520456733818,Descente de St-François,"6",Rue Saint-François
6.63415455198412,46.52047190138,Rotillon,"7",
6.63391575480106,46.5203492967993,Descente de St-François,"8",Rue Saint-François
6.63391942860389,46.5202949462265,Descente de St-François,"9",Rue Saint-François
6.63391759170249,46.5202507073481,Descente de St-François,"10",Rue Saint-François
6.63390289649123,46.5202077324031,Descente de St-François,"11",Rue Saint-François
6.63372288015321,46.5202254279729,Descente de St-François,"12",Rue Saint-François
6.63372471705461,46.5202734587758,Descente de St-François,"13",Rue Saint-François
6.63373022775883,46.5203252814367,Descente de St-François,"14",Rue Saint-François
6.63373022775882,46.5203720481857,Descente de St-François,"15",Rue Saint-François
6.63372288015318,46.5204162869654,Descente de St-François,"16",Rue Saint-François
6.63372471705457,46.5204592617454,Descente de St-François,"18",Rue Saint-François
6.63371185874471,46.5205085563041,Descente de St-François,"19",Rue Saint-François
6.63369716353342,46.5205755462739,Descente de St-François,"20",Rue Saint-François
6.63364756719539,46.5206324244852,Descente de St-François,"21",Rue Saint-François
6.63357960184327,46.5206817188868,Descente de St-François,"22",Rue Saint-François
6.6335226578996,46.5207461807292,Descente de St-François,"23",Rue Saint-François
6.63345101874466,46.5208043227175,Descente de St-François,"24",Rue Saint-François
6.63348878285068,46.521910288734,Les Escaliers du Marché,"1",Escalier du Marché
6.63355531312203,46.5219429872659,Les Escaliers du Marché,"2",Escalier du Marché
6.63360853733911,46.5219913810573,Les Escaliers du Marché,"3",Escalier du Marché
6.63362754598805,46.5220580859422,Les Escaliers du Marché,"4",Escalier du Marché
6.63363514944763,46.5221143272521,Les Escaliers du Marché,"5",Escalier du Marché
6.63368267107001,46.5221731843746,Les Escaliers du Marché,6|7,Escalier du Marché
6.63374349874666,46.5222202700266,Les Escaliers du Marché,"8",Escalier du Marché
6.63380242555843,46.5222621239053,Les Escaliers du Marché,"9",Escalier du Marché
6.63384994718082,46.5222882825632,Les Escaliers du Marché,"10",Escalier du Marché
6.63388986534363,46.5223170570722,Les Escaliers du Marché,"11",Escalier du Marché
6.63393358523622,46.5223353681154,Les Escaliers du Marché,"12",Escalier du Marché
6.63397350339903,46.5223628346687,Les Escaliers du Marché,"13",Escalier du Marché
6.63403243021079,46.5223994567183,Les Escaliers du Marché,"14",Escalier du Marché
6.63409135702256,46.5224426183878,Les Escaliers du Marché,"15",Escalier du Marché
6.6341578872939,46.5224870879508,Les Escaliers du Marché,"16",Escalier du Marché
6.63431050665193,46.5223791111543,Les Escaliers du Marché,"19",Escalier du Marché
6.63382346456495,46.5219504405334,Les Escaliers du Marché,"20",Escalier du Marché
6.63390816748844,46.5218317749583,Rue de la Mercerie,"1",Rue de la Mercerie
6.63399829065122,46.521799292589,Rue de la Mercerie,"2",Rue de la Mercerie
6.63409842749875,46.5217618886245,Rue de la Mercerie,"3",Rue de la Mercerie
6.63422574434775,46.5217028296807,Rue de la Mercerie,"4",Rue de la Mercerie
6.63431872856332,46.5216801904019,Rue de la Mercerie,"5",Rue de la Mercerie
6.6344074211997,46.5216526295281,Rue de la Mercerie,"6",Rue de la Mercerie
6.63449039173051,46.5216378647684,Rue de la Mercerie,"7",Rue de la Mercerie
6.63453902962788,46.5216260529578,Rue de la Mercerie,"8",Rue de la Mercerie
6.63460626436837,46.5216162097804,Rue de la Mercerie,"9",Rue de la Mercerie
6.63468065174082,46.5216093195551,Rue de la Mercerie,"10",Rue de la Mercerie
6.6345805148933,46.5215335270195,Rue de la Mercerie,"11",Rue de la Mercerie
6.63445033699151,46.5215660095477,Rue de la Mercerie,"12",Rue de la Mercerie
6.63439597698857,46.5215758527343,Rue de la Mercerie,"13",Rue de la Mercerie
6.6343473390912,46.521591601829,Rue de la Mercerie,"14",Rue de la Mercerie
6.63428153487711,46.5216034136471,Rue de la Mercerie,"15",Rue de la Mercerie
6.63416709276564,46.521636880451,Rue de la Mercerie,"16",Rue de la Mercerie
6.63399542959844,46.5217215316866,Rue de la Mercerie,"17",Rue de la Mercerie
6.63393534748993,46.5217353121078,Rue de la Mercerie,"18",Rue de la Mercerie
6.63385237695912,46.5217668102003,Rue de la Mercerie,"19",Rue de la Mercerie
6.63378371169223,46.5217864964988,Rue de la Mercerie,"20",Rue de la Mercerie
6.63369788010864,46.521792402387,Rue de la Mercerie,"21",Rue de la Mercerie
6.63360775694586,46.5218002769036,Rue de la Mercerie,"22",Rue de la Mercerie
6.63349331483441,46.5218071671047,Rue de la Mercerie,"23",Rue de la Mercerie
6.63339878847186,46.5218964819767,Place de la Palud,"22",Place de la Palud
6.63761977445131,46.5223775351451,Porte de St-Martin,"33",Rue de St-Martin
6.63706858800301,46.5218232357713,Porte de St-Martin,"34",Rue de St-Martin
6.63671610333975,46.5209054873205,Porte de St-Martin,"35",Rue Saint-Martin
6.63681052704993,46.5211143254834,Porte de St-Martin,"36",Rue Saint-Martin
6.63645306586124,46.521078745705,Porte de St-Martin,"37",Rue Saint-Martin
6.63547271870771,46.5241320454846,Rue de la Cité-Devant,"10",Rue de la Cité-Devant
6.6354288824759,46.5240717225003,Rue de la Cité-Devant,9A,Rue de la Cité-Devant
6.63539965832138,46.5239535897954,Rue de la Cité-Devant,"9",Rue de la Cité-Devant
6.63597135584469,46.5240981138141,Rue de la Cité-Devant,"13",Rue de la Cité-Devant
6.63591838706456,46.5241622069516,Rue de la Cité-Devant,"14",Rue de la Cité-Devant
6.63582158205263,46.5241257618435,Rue de la Cité-Devant,"15",Rue de la Cité-Devant
6.63577409280149,46.5240855465234,Rue de la Cité-Devant,"16",Rue de la Cité-Devant
6.63572843006002,46.5240491013639,Rue de la Cité-Devant,"17",Rue de la Cité-Devant
6.6356937263765,46.5240088859871,Rue de la Cité-Devant,"18",Rue de la Cité-Devant
6.63564989014468,46.5239774677033,Rue de la Cité-Devant,"19",Rue de la Cité-Devant
6.63561153344185,46.5239271984113,Rue de la Cité-Devant,"20",Rue de la Cité-Devant
6.63553299352654,46.5237638228911,Rue de la Cité-Devant,"21",Rue de la Cité-Devant
6.63549281031405,46.523690932116,Rue de la Cité-Devant,"22",Rue de la Cité-Devant
6.63544532106292,46.5236318653816,Rue de la Cité-Devant,"23",Rue de la Cité-Devant
6.63554212607487,46.5236117575425,Rue de la Cité-Devant,24a,Rue de la Cité-Devant
6.63574852166636,46.523565258136,Rue de la Cité-Devant,24b,Rue de la Cité-Devant
6.63539235228284,46.5234710024603,Rue de la Cité-Devant,"25",Rue de la Cité-Devant
6.63530285330956,46.5233227065327,Rue de la Cité-Devant,26|27,Rue de la Cité-Devant
6.63529372076128,46.5232648961463,Rue de la Cité-Devant,"28",Rue de la Cité-Devant
6.63528276170333,46.5232209099414,Rue de la Cité-Devant,"29",Rue de la Cité-Devant
6.63523527245223,46.5230210864481,Rue de la Cité-Devant,"30",Rue de la Cité-Devant
6.63518595669145,46.5229155190228,Rue de la Cité-Devant,"31",Rue de la Cité-Devant
6.63458503501358,46.522875302807,Rue de la Cité-Devant,"1",Rue de la Cité-Devant
6.63479873664368,46.5229997216287,Rue de la Cité-Devant,"4",Rue de la Cité-Devant
6.63495216345506,46.5229733297811,Rue de la Cité-Devant,"6",Rue de la Cité-Devant
6.63475307390216,46.523185720952,Rue de la Cité-Devant,"3",Rue de la Cité-Devant
6.63550723949265,46.5232700459475,Rue de la Cité-Devant,"2",Rue de la Cité-Devant
6.63629380708908,46.5242217511579,Rue de la Cité-derrière,"13",Rue de la Cité-derrière
6.63630366377355,46.5241607142875,Rue de la Cité-derrière,"14",Rue de la Cité-derrière
6.63632140580557,46.524111884742,Rue de la Cité-derrière,"15",Rue de la Cité-derrière
6.63613807147475,46.5240155818984,Rue de la Cité-derrière,"12",Rue de la Cité-derrière
6.63612427211652,46.5239518320347,Rue de la Cité-derrière,"12",Rue de la Cité-derrière
6.6361144154321,46.5238284012351,Rue de la Cité-derrière,"11",Rue de la Cité-derrière
6.63630366377361,46.523824332083,Rue de la Cité-derrière,"16",Rue de la Cité-derrière
6.63629972109984,46.5237755022351,Rue de la Cité-derrière,"18",Rue de la Cité-derrière
6.63612032944279,46.5237361670479,Rue de la Cité-derrière,"10",Rue de la Cité-derrière
6.63627803639405,46.5237293851161,Rue de la Cité-derrière,"19",Rue de la Cité-derrière
6.63608090270499,46.5236615657525,Rue de la Cité-derrière,"9",Rue de la Cité-derrière
6.63607498869432,46.5236208740937,Rue de la Cité-derrière,"8",Rue de la Cité-derrière
6.63605527532542,46.5235910335245,Rue de la Cité-derrière,"7",Rue de la Cité-derrière
6.63602176259829,46.5235367779021,Rue de la Cité-derrière,"6",Rue de la Cité-derrière
6.63598824987116,46.5234879477957,Rue de la Cité-Devant,"25",Rue de la Cité-Devant
6.63634900452214,46.5236140921476,Rue de la Cité-derrière,"20",Rue de la Cité-derrière
6.63642588666091,46.5234594635466,Rue de la Cité-derrière,"21",Rue de la Cité-derrière
6.63616576081265,46.523393252814,Rue de la Cité-derrière,"22",Rue de la Cité-derrière
6.63612735084581,46.5233436997315,Rue de la Cité-derrière,"23",Rue de la Cité-derrière
6.63608654025605,46.5233073607756,Rue de la Cité-derrière,"24",Rue de la Cité-derrière
6.63606733527264,46.5232710217955,Rue de la Cité-derrière,"25",Rue de la Cité-derrière
6.63604092842044,46.5232313792439,Rue de la Cité-derrière,"26",Rue de la Cité-derrière
6.63596890973263,46.5231322727384,Rue de la Cité-derrière,"27",Rue de la Cité-derrière
6.63610574523954,46.5229836126411,Rue de la Cité-derrière,"28",Rue de la Cité-derrière
6.63578166114428,46.5229836126412,Rue de la Cité-derrière,"29",Rue Charles-Vuillermet
6.63565922937497,46.5230083893523,Rue de la Cité-derrière,"30",Rue Charles-Vuillermet
6.63552959573687,46.523011692913,Rue de la Cité-derrière,"31",Rue Charles-Vuillermet
6.63434855149962,46.5207326669456,Rue du Flon,"49",
6.6345026756406,46.5207154966844,Rue du Flon,"50",
6.63459368227624,46.5206447955518,Rue du Flon,"51",
6.63478890618815,46.5206730760158,Rue du Flon,"52",
6.63483294165701,46.5206205551423,Rue du Flon,"53",
6.63492248044368,46.5205882345795,Rue du Flon,"54",
6.6352515192421,46.5204900806213,Rue du Flon,"55",
6.63476305720797,46.5215963334931,,"1",
6.63490466213158,46.5216004999656,Rue de St-Etienne,"2",
6.63485828414315,46.5217372647167,Rue de St-Etienne,"3",
6.63490300577479,46.5218842864403,Rue de St-Etienne,"3",
6.63521936990992,46.5220654987149,Rue de St-Etienne,"5",
6.63521771355322,46.5219207568837,Rue de St-Etienne,"6",
6.63522599533687,46.5218763085275,Rue de St-Etienne,"7",
6.63522765169361,46.5218204631052,Rue de St-Etienne,"8",
6.63522765169362,46.5217703161466,Rue de St-Etienne,"9",
6.63521936990999,46.5217270073723,Rue de St-Etienne,"10",
6.63520611905617,46.5216574853204,Rue de St-Etienne,"11",
6.63540360549993,46.5219961907985,Rue de l'Hopital,"20",
6.63541126473507,46.5219311924125,Rue de l'Hopital,"19",
6.63542658320535,46.5218855178245,Rue de l'Hopital,"18",
6.63544062513643,46.5218407215567,Rue de l'Hopital,"17",
6.63544573129319,46.521804708844,Rue de l'Hopital,"16",
6.63546232630266,46.5217599125096,Rue de l'Hopital,"15",
6.63545211398915,46.521708089253,Rue de l'Hopital,"33",
6.63555551366338,46.5220251765401,Rue de l'Hopital,"21",
6.63557083213367,46.5219259222697,Rue de l'Hopital,"24",
6.63559763945665,46.521830181253,Rue de l'Hopital,"22",
6.6356167875445,46.5217484938301,Rue de l'Hopital,"23",
6.63574444146332,46.522020784762,Rue de l'Hopital,"33",
6.63583890536329,46.5220260548956,Rue de l'Hopital,"34",
6.63579294995251,46.5219592998321,Rue de l'Hopital,"35",
6.63582869304981,46.5218916663289,Rue de l'Hopital,"36",
6.63578146109983,46.521821397665,Rue de l'Hopital,"37",
6.63639232649502,46.5223915185999,Rue de la Cité dessous,"31",
6.63612432920814,46.5225451860264,Rue de la Cité dessous,"38",
6.63603168817075,46.5223550936649,Rue de la Cité dessous,"32",
6.63595889878425,46.5221445115297,Rue de la Cité dessous,"33",
6.63618884707357,46.5222059788318,Rue de la Cité dessous,"36",
6.63614418085911,46.5220944270098,Rue de la Cité dessous,"35",
6.63608958881922,46.5219680772204,Rue de la Cité dessous,"32",
6.63605815703868,46.5219009182037,Rue de la Cité dessous,"31",
6.6360167994327,46.5218064401245,Rue de la Cité dessous,"30",
6.63601514512848,46.521700578949,Rue de la Cité dessous,"29",
6.6360399596921,46.5216448025477,Rue de la Cité dessous,"28",
6.6360482312133,46.5215947175672,Rue de la Cité dessous,"27",
6.6360813172981,46.5215594303941,Rue de la Cité dessous,"26",
6.63246452399449,46.5231450174867,Place de la Riponne,,
6.63505108722633,46.5214355795942,,"12",
6.63370223635168,46.521022974076,Rue du Pré,"1",Rue centrale
6.63386842605189,46.5210229740759,Rue du Pré,"2",Rue centrale
6.63397784287314,46.5210329178316,Rue du Pré,"3",Rue centrale
6.63405319596702,46.5210449923896,Rue du Pré,"4",Rue centrale
6.63413371023171,46.5210599080163,Rue du Pré,"5",Rue centrale
6.63425448162876,46.5210762441743,Rue du Pré,"6",Rue centrale
6.63565291811142,46.5211680658663,Derrière les Chenaux,"27",
6.63574810073279,46.5211761682015,Derrière les Chenaux,"28",
6.63584230209002,46.5211883217018,Derrière les Chenaux,"29",
6.63595907252242,46.5212133038886,Derrière les Chenaux,"30",
6.63447612810712,46.5210503974164,Rue du Pré,"8",Rue centrale
6.63455521069253,46.5210517246306,Rue du Pré,"9",Rue centrale
6.63462080257112,46.5210502842161,Rue du Pré,"10",Rue centrale
6.63472198153278,46.5210363602079,Rue du Pré,"11",Rue centrale
6.6348224627085,46.5210286779948,Rue du Pré,"12",Rue centrale
6.63488735680115,46.5210171546733,Rue du Pré,"13",Rue centrale
6.63498224192934,46.5209978593139,Rue du Pré,"14",Rue centrale
6.63504106541755,46.5209891202249,Rue du Pré,"15",Rue centrale
6.6351052364956,46.5209813010389,Rue du Pré,"16",Rue centrale
6.63519547707409,46.5209656626634,Rue du Pré,"17",Rue centrale
6.63526566419071,46.5209596832834,Rue du Pré,"18",Rue centrale
6.63532782992256,46.5209504842359,Rue du Pré,"19",Rue centrale
6.63539668014171,46.5209357657567,Rue du Pré,"20",Rue centrale
6.63553904395553,46.5209323840619,Rue du Pré,"21",Rue centrale
6.63561161106818,46.5209330775712,Rue du Pré,"22",Rue centrale
6.63568518605738,46.5209358516083,Rue du Pré,"23",Rue centrale
6.63580411549199,46.520954576355,Rue du Pré,"24",Rue centrale
6.63599964354549,46.5209864777606,Rue du Pré,"25",Rue centrale
6.63546855989616,46.5208375750095,Rue du Pré,"32",Rue centrale
6.63533770853592,46.5208305590916,Rue du Pré,"33",Rue centrale
6.63524679233108,46.5208451755861,Rue du Pré,"34",Rue centrale
6.63518306601927,46.5208662233314,Rue du Pré,"35",Rue centrale
6.63512698686488,46.5208808398164,Rue du Pré,"36",Rue centrale
6.6350666592897,46.5208919483424,Rue du Pré,"37",Rue centrale
6.63501142981946,46.5209036415252,Rue du Pré,"38",Rue centrale
6.63495365129676,46.5209153347054,Rue du Pré,"39",Rue centrale
6.63485508793449,46.5209346284473,Rue du Pré,"40",Rue centrale
6.63478541383359,46.5209410596931,Rue du Pré,"41",Rue centrale
6.63472423657425,46.5209474909381,Rue du Pré,"42",Rue centrale
6.63467240584064,46.5209527528653,Rue du Pré,"43",Rue centrale
6.63459848331895,46.5209550914995,Rue du Pré,"44",Rue centrale
6.63451266521906,46.5209603534259,Rue du Pré,"45",Rue centrale
6.63441464859032,46.5209634479748,Rue du Pré,"46",Rue centrale
6.63425536901887,46.520958428194,Rue du Pré,"47",Rue centrale
6.6354179385343,46.5205873869481,,"20",
6.63554324578918,46.520613346602,,"15",
6.63573457514608,46.5206949340046,,18b,
6.63572783819692,46.5205799699018,,"16",
6.63582350287537,46.5206114923413,,"17",
6.63592186233349,46.5206476504111,,"18",
6.6361426411747,46.5208049664739,,"21",
6.63616174503388,46.5207154147513,,"24",
6.63626801025042,46.5208517962149,,"27",
6.63631457590714,46.520736775726,,"28",
6.63056624220695,46.5223747951496,Place St-Laurent,,Place St-Laurent
6.63553815222019,46.5223235167936,Place St-Maure,,Place de la Cathédrale
6.63359183611081,46.5209022875292,Place du Pont,,
6.63316095135088,46.5198507180287,Place St-François,,
6.63285041824104,46.5219863716031,Place de la Palud,,
6.63234497021753,46.521126210083,Place de Pépinet,,Place Pépinet
